"Mã KH","Họ đệm","Tên","Giới tính","Ngày sinh","SĐT","Email","Địa chỉ","Căn cước",""
"CUST1","Đặng Hồng","Thảo","Nữ","19/06/1998 12:00:00 AM","0978748910","danghongthao1@gmail.com","Nha Trang","195911866985",""
"CUST2","Nguyễn Thanh","Yến","Nam","06/12/1998 12:00:00 AM","0959537520","nguyenthanhyen2@gmail.com","Đà Lạt","468438733334",""
"CUST3","Đỗ Thu","Trang","Nữ","18/02/1995 12:00:00 AM","0964126313","dothutrang3@gmail.com","Hà Nội","827934768662",""
"CUST4","Võ Đức","Dương","Nam","03/11/1981 12:00:00 AM","0919881321","voduCduong4@gmail.com","Hải Phòng","291128793233",""
"CUST5","Nguyễn Anh","Tùng","Nam","04/02/1982 12:00:00 AM","0988947641","nguyenanhtung5@gmail.com","Đà Lạt","374975122589",""
"CUST6","Đỗ Thu","Phúc","Nam","01/03/1976 12:00:00 AM","0982554340","dothuphuc6@gmail.com","Nha Trang","936897782113",""
"CUST7","Lê Văn","Yến","Nữ","24/03/2014 12:00:00 AM","0964971120","levanyen7@gmail.com","Hải Phòng","614724116774",""
"CUST8","Võ Minh","Thảo","Nữ","04/11/1999 12:00:00 AM","0974193271","vominhthao8@gmail.com","Hà Nội","134591549627",""
"CUST9","Hoàng Thị","Trang","Nam","02/03/1984 12:00:00 AM","0939283620","hoangthitrang9@gmail.com","Nha Trang","512647575757",""
"CUST10","Bùi Minh","Quân","Nam","22/01/2024 12:00:00 AM","0919164940","buiminhquan1@gmail.com","Đà Nẵng","644476651321",""
"CUST11","Đặng Trung","Linh","Nữ","18/01/1992 12:00:00 AM","0978528900","dangtrunglinh11@gmail.com","Hà Nội","148769642568",""
"CUST12","Trần Anh","Huy","Nam","02/07/2001 12:00:00 AM","0996866270","trananhhuy12@gmail.com","Đà Lạt","738535826843",""
"CUST14","Đặng Hồng","Khánh","Nam","06/06/1984 12:00:00 AM","0994529900","danghongkhanh14@gmail.com","Đà Lạt","289263251748",""
"CUST15","Đặng Thanh","Quân","Nữ","08/07/1983 12:00:00 AM","0984259625","dangthanhquan15@gmail.com","Đà Nẵng","359614188591",""
"CUST16","Bùi Đức","Thảo","Nữ","05/09/1994 12:00:00 AM","0963935648","buiducthao16@gmail.com","Hà Nội","451988536472",""
"CUST17","Bùi Văn","Tùng","Nam","06/06/1998 12:00:00 AM","0937959830","buivantung17@gmail.com","Cần Thơ","398615663224",""
"CUST18","Nguyễn Trung","Khánh","Nam","12/11/1987 12:00:00 AM","0916163848","nguyentrungkhanh18@gmail.com","Hải Phòng","215342936791",""
"CUST19","Nguyễn Anh","Trang","Nam","31/07/1995 12:00:00 AM","0919756811","nguyenanhtrang19@gmail.com","Hồ Chí Minh","511847994827",""
"CUST20","Đỗ Trung","Quân","Nam","16/08/1988 12:00:00 AM","0937385232","dotrungquan2@gmail.com","Hà Nội","129569123849",""
"CUST21","Phạm Hồng","Phúc","Nam","18/04/1985 12:00:00 AM","0948815267","phamhongphuc21@gmail.com","Đà Lạt","693485364194",""
"CUST22","Bùi Trung","Phúc","Nam","09/08/2022 12:00:00 AM","0971823270","buitrungphuc22@gmail.com","Biên Hòa","291187421173",""
"CUST23","Phan Hồng","Quân","Nữ","19/03/1991 12:00:00 AM","0933139571","phanhongquan23@gmail.com","Hồ Chí Minh","751429711463",""
"CUST24","Nguyễn Trung","Tùng","Nữ","28/07/1983 12:00:00 AM","0977189190","nguyentrungtung24@gmail.com","Đà Lạt","913983454192",""
"CUST25","Phạm Ngọc","Linh","Nam","11/05/1993 12:00:00 AM","0979823993","phamngoclinh25@gmail.com","Hồ Chí Minh","142488733245",""
"CUST26","Nguyễn Thu","Dương","Nam","18/03/1993 12:00:00 AM","0988489840","nguyenthuduong26@gmail.com","Hồ Chí Minh","661458661793",""
"CUST27","Hoàng Trung","Trang","Nam","25/04/1977 12:00:00 AM","0923134240","hoangtrungtrang27@gmail.com","Hải Phòng","388532345618",""
"CUST28","Nguyễn Minh","Phúc","Nữ","24/12/2016 12:00:00 AM","0949465770","nguyenminhphuc28@gmail.com","Hồ Chí Minh","454887485372",""
"CUST29","Đặng Anh","Khánh","Nam","21/09/1979 12:00:00 AM","0979977590","danganhkhanh29@gmail.com","Vũng Tàu","794351177661",""
"CUST30","Võ Trung","Thảo","Nam","28/03/1985 12:00:00 AM","0955175300","votrungthao3@gmail.com","Hà Nội","549326278338",""
"CUST31","Võ Trung","Trang","Nữ","29/01/1990 12:00:00 AM","0932332700","votrungtrang31@gmail.com","Cần Thơ","493732792197",""
"CUST32","Đặng Văn","Thảo","Nam","08/08/1975 12:00:00 AM","0961424327","dangvanthao32@gmail.com","Huế","241946997441",""
"CUST33","Đặng Trung","Yến","Nam","23/11/1988 12:00:00 AM","0988217435","dangtrungyen33@gmail.com","Biên Hòa","487519442846",""
"CUST34","Lê Ngọc","Trang","Nữ","07/02/1987 12:00:00 AM","0986462240","lengoctrang34@gmail.com","Hồ Chí Minh","845938225361",""
"CUST35","Hoàng Thanh","Tùng","Nam","01/01/1979 12:00:00 AM","0942125519","hoangthanhtung35@gmail.com","Nha Trang","158946753742",""
"CUST36","Bùi Thu","Linh","Nam","02/08/1990 12:00:00 AM","0965221515","buithulinh36@gmail.com","Đà Lạt","519938442965",""
"CUST37","Đỗ Thanh","Huy","Nữ","04/01/1994 12:00:00 AM","0994598539","dothanhhuy37@gmail.com","Hải Phòng","362658751849",""
"CUST38","Đặng Hồng","Yến","Nữ","22/12/1976 12:00:00 AM","0966473120","danghongyen38@gmail.com","Hồ Chí Minh","193744722534",""
"CUST39","Nguyễn Anh","Huy","Nam","22/09/1983 12:00:00 AM","0991948651","nguyenanhhuy39@gmail.com","Biên Hòa","694293233458",""
"CUST40","Lê Ngọc","Linh","Nam","12/08/1985 12:00:00 AM","0928646594","lengoclinh4@gmail.com","Hải Phòng","827639495146",""
"CUST41","Nguyễn Trung","Thảo","Nam","19/02/1985 12:00:00 AM","0914574819","nguyentrungthao41@gmail.com","Hải Phòng","659386539124",""
"CUST42","Phan Hồng","Khánh","Nữ","16/03/1983 12:00:00 AM","0982214600","phanhongkhanh42@gmail.com","Nha Trang","128663954578",""
"CUST43","Trần Minh","Linh","Nữ","09/07/1979 12:00:00 AM","0935929394","tranminhlinh43@gmail.com","Hà Nội","913286291583",""
"CUST44","Phạm Thị","Dương","Nữ","26/11/1987 12:00:00 AM","0922681558","phamthiduong44@gmail.com","Huế","234755763945",""
"CUST45","Phan Thị","Dương","Nữ","03/11/1985 12:00:00 AM","0988332140","phanthiduong45@gmail.com","Biên Hòa","549132187621",""
"CUST46","Nguyễn Thanh","Dương","Nữ","23/03/1975 12:00:00 AM","0948987370","nguyenthanhduong46@gmail.com","Biên Hòa","451264757398",""
"CUST47","Võ Trung","Trang","Nam","31/12/1997 12:00:00 AM","0918139600","votrungtrang47@gmail.com","Hà Nội","437158792561",""
"CUST48","Phạm Đức","Tùng","Nữ","28/06/1997 12:00:00 AM","0931467622","phamductung48@gmail.com","Nha Trang","144327972849",""
"CUST49","Phan Minh","Linh","Nữ","14/02/1985 12:00:00 AM","0948361890","phanminhlinh49@gmail.com","Đà Lạt","512318738794",""
"CUST50","Võ Minh","Huy","Nữ","08/01/1981 12:00:00 AM","0913676986","vominhhuy5@gmail.com","Hà Nội","267419661458",""
"CUST51","Võ Đức","Thảo","Nữ","09/09/1986 12:00:00 AM","0954777961","voduCcthao51@gmail.com","Biên Hòa","888972334517",""
"CUST52","Võ Thanh","Yến","Nam","15/02/1978 12:00:00 AM","0949398912","vothanhyen52@gmail.com","Đà Lạt","581961958852",""
"CUST53","Đặng Thị","Phúc","Nữ","02/09/2012 12:00:00 AM","0926339820","dangthiphuc53@gmail.com","Đà Lạt","729144967342",""
"CUST54","Lê Trung","Tùng","Nam","04/01/2022 12:00:00 AM","0912326616","letrungtung54@gmail.com","Hải Phòng","184756569345",""
"CUST55","Phan Đức","Trang","Nữ","02/01/1978 12:00:00 AM","0935336400","phanductrang55@gmail.com","Vũng Tàu","891356475983",""
"CUST56","Võ Minh","Phúc","Nữ","13/09/1995 12:00:00 AM","0946478282","vominhphuc56@gmail.com","Vũng Tàu","977714175369",""
"CUST57","Trần Văn","Trang","Nữ","17/11/1997 12:00:00 AM","0987112625","tranvantrang57@gmail.com","Đà Nẵng","776624613214",""
"CUST58","Bùi Thị","Trang","Nam","29/01/1996 12:00:00 AM","0919426394","buithitrang58@gmail.com","Hà Nội","753592851947",""
"CUST59","Lê Trung","Yến","Nữ","13/08/1983 12:00:00 AM","0988232190","letrungyen59@gmail.com","Vũng Tàu","517748865829",""
"CUST60","Phan Ngọc","Trang","Nữ","11/02/1994 12:00:00 AM","0984762650","phanngoctrang6@gmail.com","Vũng Tàu","241561173958",""
"CUST61","Đỗ Văn","Phúc","Nam","24/06/1987 12:00:00 AM","0956677317","dovanphuc61@gmail.com","Đà Nẵng","897771151624",""
"CUST62","Bùi Thu","Yến","Nữ","02/01/1986 12:00:00 AM","0981633000","buithuyen62@gmail.com","Cần Thơ","541255913794",""
"CUST63","Nguyễn Trung","Tùng","Nữ","03/05/1992 12:00:00 AM","0948441320","nguyentrungtung63@gmail.com","Hải Phòng","968851912437",""
"CUST64","Đỗ Đức","Phúc","Nam","04/05/1998 12:00:00 AM","0912845130","doducphuc64@gmail.com","Nha Trang","743595191845",""
"CUST65","Đỗ Văn","Yến","Nam","06/01/1976 12:00:00 AM","0979578111","dovanyen65@gmail.com","Hồ Chí Minh","179911663953",""
"CUST66","Phạm Minh","Phúc","Nữ","03/09/1975 12:00:00 AM","0997464893","phamminhphuc66@gmail.com","Hải Phòng","961749924518",""
"CUST67","Hoàng Thanh","Yến","Nam","07/11/1993 12:00:00 AM","0968677623","hoangthanhyen67@gmail.com","Đà Nẵng","315772565942",""
"CUST68","Đặng Thu","Phúc","Nam","21/02/1990 12:00:00 AM","0943875254","dangthuphuc68@gmail.com","Hồ Chí Minh","658147517391",""
"CUST69","Võ Anh","Phúc","Nam","21/04/1993 12:00:00 AM","0959414985","voanhphuc69@gmail.com","Biên Hòa","215472677259",""
"CUST70","Trần Minh","Thảo","Nam","28/02/2002 12:00:00 AM","0998191591","tranminhthao7@gmail.com","Nha Trang","157655261184",""
"CUST71","Đỗ Ngọc","Trang","Nam","02/11/1976 12:00:00 AM","0924388990","dongoctrang71@gmail.com","Biên Hòa","962658641372",""
"CUST72","Lê Đức","Thảo","Nữ","22/06/1980 12:00:00 AM","0965989153","leduCcthao72@gmail.com","Huế","319429649581",""
"CUST73","Phan Hồng","Khánh","Nam","12/08/1990 12:00:00 AM","0992346796","phanhongkhanh73@gmail.com","Biên Hòa","989388468725",""
"CUST74","Bùi Thanh","Khánh","Nam","01/08/1984 12:00:00 AM","0939963350","buithanhkhanh74@gmail.com","Đà Lạt","784915354283",""
"CUST75","Phạm Đức","Tùng","Nam","26/07/1992 12:00:00 AM","0987347600","phamductung75@gmail.com","Cần Thơ","134551415943",""
"CUST76","Lê Thu","Tùng","Nữ","01/02/2023 12:00:00 AM","0993325273","lethutung76@gmail.com","Hải Phòng","751664349137",""
"CUST77","Võ Ngọc","Khánh","Nữ","24/02/1999 12:00:00 AM","0957244736","vongockhanh77@gmail.com","Biên Hòa","825882281943",""
"CUST78","Lê Thị","Khánh","Nam","05/01/1996 12:00:00 AM","0918988800","lethikhanh78@gmail.com","Nha Trang","487181831955",""
"CUST79","Lê Hồng","Tùng","Nữ","02/01/1990 12:00:00 AM","0975129980","lehongtung79@gmail.com","Hà Nội","871143454692",""
"CUST80","Lê Đức","Linh","Nam","05/12/1998 12:00:00 AM","0955249823","leduclinh8@gmail.com","Đà Lạt","259978229154",""
"CUST81","Phạm Thanh","Huy","Nam","18/06/1990 12:00:00 AM","0996253720","phamthanhhuy81@gmail.com","Vũng Tàu","136611353347",""
"CUST82","Đặng Thu","Huy","Nam","15/09/1983 12:00:00 AM","0958295810","dangthuhuy82@gmail.com","Hồ Chí Minh","418195318296",""
"CUST83","Đặng Minh","Dương","Nam","24/02/1986 12:00:00 AM","0985637840","dangminhduong83@gmail.com","Hải Phòng","721573772894",""
"CUST84","Bùi Ngọc","Linh","Nữ","06/02/1994 12:00:00 AM","0915316720","buingoclinh84@gmail.com","Hồ Chí Minh","972474359183",""
"CUST85","Trần Anh","Khánh","Nữ","18/07/1996 12:00:00 AM","0985188770","trananhkhanh85@gmail.com","Hồ Chí Minh","457589635927",""
"CUST86","Phạm Thị","Linh","Nữ","15/06/1992 12:00:00 AM","0972646510","phamthilinh86@gmail.com","Huế","939373792451",""
"CUST87","Bùi Trung","Thảo","Nam","17/11/1986 12:00:00 AM","0916216946","buitrungthao87@gmail.com","Đà Lạt","415652157948",""
"CUST88","Bùi Thị","Yến","Nữ","25/01/2024 12:00:00 AM","0954841230","buithiyen88@gmail.com","Biên Hòa","675678428193",""
"CUST89","Võ Minh","Tùng","Nam","18/04/2021 12:00:00 AM","0972448634","vominhtung89@gmail.com","Hải Phòng","461131157924",""
"CUST90","Nguyễn Văn","Phúc","Nam","22/05/1979 12:00:00 AM","0922299141","nguyenvanphuc9@gmail.com","Đà Nẵng","259227862518",""
"CUST91","Phan Minh","Linh","Nữ","14/02/1987 12:00:00 AM","0925736815","phanminhlinh91@gmail.com","Đà Lạt","942252736715",""
"CUST92","Bùi Văn","Yến","Nữ","29/01/1976 12:00:00 AM","0968715700","buivanyen92@gmail.com","Vũng Tàu","126252397486",""
"CUST93","Phạm Văn","Yến","Nữ","26/09/1982 12:00:00 AM","0914384980","phamvanyen93@gmail.com","Nha Trang","735338469241",""
"CUST94","Trần Trung","Thảo","Nam","06/08/1999 12:00:00 AM","0969519100","trantrungthao94@gmail.com","Hồ Chí Minh","879486117924",""
"CUST95","Phạm Thanh","Tùng","Nam","23/11/1975 12:00:00 AM","0976788180","phamthanhtung95@gmail.com","Hồ Chí Minh","471938343267",""
"CUST96","Lê Minh","Khánh","Nữ","02/02/1991 12:00:00 AM","0986935716","leminhkhanh96@gmail.com","Hồ Chí Minh","741633682958",""
"CUST97","Lê Đức","Dương","Nữ","05/06/1996 12:00:00 AM","0949369970","leducdương97@gmail.com","Cần Thơ","671111454137",""
"CUST98","Hoàng Thị","Yến","Nữ","03/01/1992 12:00:00 AM","0936325590","hoangthiyen98@gmail.com","Cần Thơ","316939194578",""
"CUST99","Phạm Đức","Tùng","Nữ","15/01/1991 12:00:00 AM","0935661600","phamductung99@gmail.com","Đà Nẵng","549122295673",""
"CUST100","Phan Đức","Linh","Nữ","08/01/1975 12:00:00 AM","0957779389","phanducclinh1@gmail.com","Hải Phòng","233919258417",""
