CustomerID,LastName,FirstName,Gender,DOB,PhoneNumber,Email,Address,IDCard
CUST001,Đặng Hồng,Thảo,Nữ,1998-06-19,0978074891,đanghongthao1@gmail.com,Nha Trang,911866985
CUST002,Nguyễn Thanh,Yến,Nam,1998-12-06,0950953752,nguyenthanhyen2@gmail.com,Đà Lạt,387330334
CUST003,Đỗ Thu,Trang,Nữ,1995-02-18,0964126313,đothutrang3@gmail.com,Hà Nội,347686062
CUST004,Võ Đức,Dương,Nam,1981-11-30,0919881321,vođucduong4@gmail.com,Hải Phòng,128793230
CUST005,Nguyễn Anh,Tùng,Nam,1982-02-04,0988947641,nguyenanhtung5@gmail.com,Đà Lạt,975100225
CUST006,Đỗ Thu,Phúc,Nam,1976-03-10,0982554340,đothuphuc6@gmail.com,Nha Trang,977821103
CUST007,Lê Văn,Yến,Nữ,2004-03-14,0960497112,levanyen7@gmail.com,Hải Phòng,204116774
CUST008,Võ Minh,Thảo,Nữ,1999-11-04,0974193271,vominhthao8@gmail.com,Hà Nội,591549602
CUST009,Hoàng Thị,Trang,Nam,1984-03-02,0930928362,hoangthitrang9@gmail.com,Nha Trang,647575075
CUST010,Bùi Minh,Quân,Nam,2002-01-24,0919164904,buiminhquan10@gmail.com,Đà Nẵng,644476651
CUST011,Đặng Trung,Linh,Nữ,1992-01-18,0978502809,đangtrunglinh11@gmail.com,Hà Nội,609642506
CUST012,Trần Anh,Huy,Nam,2000-07-10,0996860627,trananhhuy12@gmail.com,Đà Lạt,738535826
CUST013,Hoàng Anh,Huy,Nam,1988-11-12,0980248732,hoanganhhuy13@gmail.com,Đà Lạt,482473249
CUST014,Đặng Hồng,Khánh,Nam,1984-06-06,0994529900,đanghongkhanh14@gmail.com,Đà Lạt,289263251
CUST015,Đặng Thanh,Quân,Nữ,1983-07-08,0984259625,đangthanhquan15@gmail.com,Đà Nẵng,359614188
CUST016,Bùi Đức,Thảo,Nữ,1994-09-05,0963935648,buiđucthao16@gmail.com,Hà Nội,988536047
CUST017,Bùi Văn,Tùng,Nam,1998-06-06,0930795983,buivantung17@gmail.com,Cần Thơ,150660322
CUST018,Nguyễn Trung,Khánh,Nam,1987-11-12,0916163848,nguyentrungkhanh18@gmail.com,Hải Phòng,402936079
CUST019,Nguyễn Anh,Trang,Nam,1995-07-31,0919756811,nguyenanhtrang19@gmail.com,Hồ Chí Minh,511847994
CUST020,Đỗ Trung,Quân,Nam,1988-08-16,0937385232,đotrungquan20@gmail.com,Hà Nội,506910238
CUST021,Phạm Hồng,Phúc,Nam,1985-04-18,0948815267,phamhongphuc21@gmail.com,Đà Lạt,853641094
CUST022,Bùi Trung,Phúc,Nam,2002-08-09,0971082327,buitrungphuc22@gmail.com,Biên Hòa,807421173
CUST023,Phan Hồng,Quân,Nữ,1991-03-19,0933139571,phanhongquan23@gmail.com,Hồ Chí Minh,297100014
CUST024,Nguyễn Trung,Tùng,Nữ,1983-07-28,0977180919,nguyentrungtung24@gmail.com,Đà Lạt,830454109
CUST025,Phạm Ngọc,Linh,Nam,1993-05-11,0979823993,phamngoclinh25@gmail.com,Hồ Chí Minh,142488733
CUST026,Nguyễn Thu,Dương,Nam,1993-03-18,0988489084,nguyenthuduong26@gmail.com,Hồ Chí Minh,661458661
CUST027,Hoàng Trung,Trang,Nam,1977-04-25,0920313424,hoangtrungtrang27@gmail.com,Hải Phòng,388532345
CUST028,Nguyễn Minh,Phúc,Nữ,2004-12-16,0940946577,nguyenminhphuc28@gmail.com,Hồ Chí Minh,454887485
CUST029,Đặng Anh,Khánh,Nam,1979-09-21,0979097759,đanganhkhanh29@gmail.com,Vũng Tàu,511776600
CUST030,Võ Trung,Thảo,Nam,1985-03-28,0955170053,votrungthao30@gmail.com,Hà Nội,206207833
CUST031,Võ Trung,Trang,Nữ,1990-10-29,0930233207,votrungtrang31@gmail.com,Cần Thơ,493732792
CUST032,Đặng Văn,Thảo,Nam,1975-08-08,0961424327,đangvanthao32@gmail.com,Huế,460997440
CUST033,Đặng Trung,Yến,Nam,1988-11-23,0988217435,đangtrungyen33@gmail.com,Biên Hòa,501944284
CUST034,Lê Ngọc,Trang,Nữ,1987-02-07,0986462204,lengoctrang34@gmail.com,Hồ Chí Minh,593820205
CUST035,Hoàng Thanh,Tùng,Nam,1979-10-10,0942125519,hoangthanhtung35@gmail.com,Nha Trang,460007503
CUST036,Bùi Thu,Linh,Nam,1990-08-02,0965221515,buithulinh36@gmail.com,Đà Lạt,380442965
CUST037,Đỗ Thanh,Huy,Nữ,1994-10-04,0994598539,đothanhhuy37@gmail.com,Hải Phòng,362658705
CUST038,Đặng Hồng,Yến,Nữ,1976-12-22,0966407312,đanghongyen38@gmail.com,Hồ Chí Minh,744722053
CUST039,Nguyễn Anh,Huy,Nam,1983-09-22,0991948651,nguyenanhhuy39@gmail.com,Biên Hòa,932330405
CUST040,Lê Ngọc,Linh,Nam,1985-08-12,0928646594,lengoclinh40@gmail.com,Hải Phòng,639495104
CUST041,Nguyễn Trung,Thảo,Nam,1985-02-19,0914574819,nguyentrungthao41@gmail.com,Hải Phòng,659386539
CUST042,Phan Hồng,Khánh,Nữ,1983-03-16,0982021406,phanhongkhanh42@gmail.com,Nha Trang,128663954
CUST043,Trần Minh,Linh,Nữ,1979-07-09,0935929394,tranminhlinh43@gmail.com,Hà Nội,862091058
CUST044,Phạm Thị,Dương,Nữ,1987-11-26,0922681558,phamthiduong44@gmail.com,Huế,234755763
CUST045,Phan Thị,Dương,Nữ,1985-11-30,0988330214,phanthiduong45@gmail.com,Biên Hòa,549130218
CUST046,Nguyễn Thanh,Dương,Nữ,1975-03-23,0948980737,nguyenthanhduong46@gmail.com,Biên Hòa,451264757
CUST047,Võ Trung,Trang,Nam,1997-12-31,0918103906,votrungtrang47@gmail.com,Hà Nội,587090256
CUST048,Phạm Đức,Tùng,Nữ,1997-06-28,0931467622,phamđuctung48@gmail.com,Nha Trang,144327972
CUST049,Phan Minh,Linh,Nữ,1985-02-14,0948361890,phanminhlinh49@gmail.com,Đà Lạt,108738709
CUST050,Võ Minh,Huy,Nữ,1981-01-08,0913676986,vominhhuy50@gmail.com,Hà Nội,267419066
CUST051,Võ Đức,Thảo,Nữ,1986-09-09,0954777961,vođucthao51@gmail.com,Biên Hòa,888972330
CUST052,Võ Thanh,Yến,Nam,1978-02-15,0949398912,vothanhyen52@gmail.com,Đà Lạt,601958850
CUST053,Đặng Thị,Phúc,Nữ,2000-09-12,0926330982,đangthiphuc53@gmail.com,Đà Lạt,449673402
CUST054,Lê Trung,Tùng,Nam,2002-01-04,0912326616,letrungtung54@gmail.com,Hải Phòng,184756569
CUST055,Phan Đức,Trang,Nữ,1978-01-20,0930533604,phanđuctrang55@gmail.com,Vũng Tàu,564705983
CUST056,Võ Minh,Phúc,Nữ,1995-09-13,0946478282,vominhphuc56@gmail.com,Vũng Tàu,977714175
CUST057,Trần Văn,Trang,Nữ,1997-11-17,0987112625,tranvantrang57@gmail.com,Đà Nẵng,776624613
CUST058,Bùi Thị,Trang,Nam,1996-01-29,0919426394,buithitrang58@gmail.com,Hà Nội,705359285
CUST059,Lê Trung,Yến,Nữ,1983-08-13,0988232019,letrungyen59@gmail.com,Vũng Tàu,517704886
CUST060,Phan Ngọc,Trang,Nữ,1994-02-11,0984760265,phanngoctrang60@gmail.com,Vũng Tàu,241506117
CUST061,Đỗ Văn,Phúc,Nam,1987-06-24,0956677317,đovanphuc61@gmail.com,Đà Nẵng,897771150
CUST062,Bùi Thu,Yến,Nữ,1986-10-20,0981603003,buithuyen62@gmail.com,Cần Thơ,541255910
CUST063,Nguyễn Trung,Tùng,Nữ,1992-05-03,0948404132,nguyentrungtung63@gmail.com,Hải Phòng,906885191
CUST064,Đỗ Đức,Phúc,Nam,1998-05-04,0910284513,đođucphuc64@gmail.com,Nha Trang,704359519
CUST065,Đỗ Văn,Yến,Nam,1976-01-06,0979578111,đovanyen65@gmail.com,Hồ Chí Minh,910166309
CUST066,Phạm Minh,Phúc,Nữ,1975-09-03,0997464893,phamminhphuc66@gmail.com,Hải Phòng,961749092
CUST067,Hoàng Thanh,Yến,Nam,1993-11-07,0968677623,hoangthanhyen67@gmail.com,Đà Nẵng,315772565
CUST068,Đặng Thu,Phúc,Nam,1990-02-21,0943875254,đangthuphuc68@gmail.com,Hồ Chí Minh,658104751
CUST069,Võ Anh,Phúc,Nam,1993-04-21,0959414985,voanhphuc69@gmail.com,Biên Hòa,726772050
CUST070,Trần Minh,Thảo,Nam,2000-02-28,0998191591,tranminhthao70@gmail.com,Nha Trang,650526011
CUST071,Đỗ Ngọc,Trang,Nam,1976-11-20,0924380899,đongoctrang71@gmail.com,Biên Hòa,962605864
CUST072,Lê Đức,Thảo,Nữ,1980-06-22,0965989153,leđucthao72@gmail.com,Huế,319429649
CUST073,Phan Hồng,Khánh,Nam,1990-08-12,0992346796,phanhongkhanh73@gmail.com,Biên Hòa,989388468
CUST074,Bùi Thanh,Khánh,Nam,1984-08-01,0939963350,buithanhkhanh74@gmail.com,Đà Lạt,915035428
CUST075,Phạm Đức,Tùng,Nam,1992-07-26,0987340760,phamđuctung75@gmail.com,Cần Thơ,514105943
CUST076,Lê Thu,Tùng,Nữ,2003-02-10,0993325273,lethutung76@gmail.com,Hải Phòng,751664349
CUST077,Võ Ngọc,Khánh,Nữ,1999-02-24,0957244736,vongockhanh77@gmail.com,Biên Hòa,825882028
CUST078,Lê Thị,Khánh,Nam,1996-10-05,0918980808,lethikhanh78@gmail.com,Nha Trang,818319550
CUST079,Lê Hồng,Tùng,Nữ,1990-01-20,0975012998,lehongtung79@gmail.com,Hà Nội,871143454
CUST080,Lê Đức,Linh,Nam,1998-12-05,0955249823,leđuclinh80@gmail.com,Đà Lạt,259978229
CUST081,Phạm Thanh,Huy,Nam,1990-06-18,0996253072,phamthanhhuy81@gmail.com,Vũng Tàu,660113533
CUST082,Đặng Thu,Huy,Nam,1983-09-15,0958209581,đangthuhuy82@gmail.com,Hồ Chí Minh,401819531
CUST083,Đặng Minh,Dương,Nam,1986-02-24,0980563784,đangminhduong83@gmail.com,Hải Phòng,737700289
CUST084,Bùi Ngọc,Linh,Nữ,1994-02-06,0915031672,buingoclinh84@gmail.com,Hồ Chí Minh,972474359
CUST085,Trần Anh,Khánh,Nữ,1996-07-18,0985188770,trananhkhanh85@gmail.com,Hồ Chí Minh,457580963
CUST086,Phạm Thị,Linh,Nữ,1992-06-15,0972646510,phamthilinh86@gmail.com,Huế,939037379
CUST087,Bùi Trung,Thảo,Nam,1986-11-17,0916216946,buitrungthao87@gmail.com,Đà Lạt,502157094
CUST088,Bùi Thị,Yến,Nữ,2005-01-24,0954840123,buithiyen88@gmail.com,Biên Hòa,675678428
CUST089,Võ Minh,Tùng,Nam,2001-04-18,0972448634,vominhtung89@gmail.com,Hải Phòng,461103115
CUST090,Nguyễn Văn,Phúc,Nam,1979-05-22,0922299141,nguyenvanphuc90@gmail.com,Đà Nẵng,259227862
CUST091,Phan Minh,Linh,Nữ,1987-02-14,0925736815,phanminhlinh91@gmail.com,Đà Lạt,942252736
CUST092,Bùi Văn,Yến,Nữ,1976-10-29,0968071507,buivanyen92@gmail.com,Vũng Tàu,126252397
CUST093,Phạm Văn,Yến,Nữ,1982-09-26,0914384908,phamvanyen93@gmail.com,Nha Trang,735338046
CUST094,Trần Trung,Thảo,Nam,1999-08-06,0960095191,trantrungthao94@gmail.com,Hồ Chí Minh,861179204
CUST095,Phạm Thanh,Tùng,Nam,1975-11-23,0976788018,phamthanhtung95@gmail.com,Hồ Chí Minh,383403267
CUST096,Lê Minh,Khánh,Nữ,1991-02-02,0986935716,leminhkhanh96@gmail.com,Hồ Chí Minh,600330608
CUST097,Lê Đức,Dương,Nữ,1996-06-05,0949360997,leđucduong97@gmail.com,Cần Thơ,671111454
CUST098,Hoàng Thị,Yến,Nữ,1992-10-03,0930632559,hoangthiyen98@gmail.com,Cần Thơ,316939109
CUST099,Phạm Đức,Tùng,Nữ,1991-01-15,0935661600,phamđuctung99@gmail.com,Đà Nẵng,220209560
CUST100,Phan Đức,Linh,Nữ,1975-10-08,0957779389,phanđuclinh100@gmail.com,Hải Phòng,233091902
